Title,Link,Image URL
Home,https://tokyofashion.com/,No Image
Articles,https://tokyofashion.com/articles/,No Image
Street Photos,https://tokyofashion.com/photos/,No Image
Brands,https://tokyofashion.com/brands/,No Image
Fashion Map,https://tokyofashion.com/fashion-map/,No Image
Music,https://tokyofashion.com/music/,No Image
,https://tokyofashion.com/,https://tokyofashion.com/wp-content/uploads/2021/03/cropped-logo-1.gif
Home,https://tokyofashion.com/,No Image
Articles,https://tokyofashion.com/articles/,No Image
Street Photos,https://tokyofashion.com/photos/,No Image
Brands,https://tokyofashion.com/brands/,No Image
Fashion Map,https://tokyofashion.com/fashion-map/,No Image
Music,https://tokyofashion.com/music/,No Image
,https://www.facebook.com/TokyoFashion,No Image
,https://twitter.com/tokyofashion,No Image
,https://feeds.feedburner.com/TokyoFashion,No Image
,https://feedburner.google.com/fb/a/mailverify?uri=TokyoFashion&loc=en_US,No Image
,#,No Image
« Back to Recent Tokyo Street Fashion photos,https://tokyofashion.com/photos/,No Image
,https://tokyofashion.com/japanese-fashion-beauty-vintage-kimono-street-style-tokyo/,https://tokyofashion.com/wp-content/uploads/2021/09/2021-09-04-001-002-NK-Harajuku-DZ7-0853.jpg
,https://tokyofashion.com/handmade-japanese-kimono-street-tokyo-coming-of-age-day/,https://tokyofashion.com/wp-content/uploads/2020/01/Handmade-Kimono-Street-Style-Tokyo-20200113DZ77082.jpg
,https://tokyofashion.com/tokyo-streetwear-zara-never-mind-the-xu-snakeskin-pants-choker-chain-attagirl/,https://tokyofashion.com/wp-content/uploads/2019/05/NK-2019-04-08-010-001-Harajuku-DZ7-0955-2.jpg
,https://tokyofashion.com/tokyo-styles-twin-braids-furry-hat-elcasion-vintage-suit-gucci-fjallraven-kanken-george-cox/,https://tokyofashion.com/wp-content/uploads/2019/05/NK-2019-04-08-017-001-Harajuku-DZ7-1156.jpg
,https://tokyofashion.com/kawaii-tokyo-girls-street-styles-purple-hair-leopard-coat-rrr-vintage-checkered-skirt/,https://tokyofashion.com/wp-content/uploads/2019/05/NK-2019-04-08-013-001-Harajuku-DZ7-1037-3.jpg
,https://tokyofashion.com/street-styles-two-tone-hair-leopard-hat-faith-tokyo-pleather-pants-marine-serre-kirsch/,https://tokyofashion.com/wp-content/uploads/2019/05/NK-2019-04-08-015-001-Harajuku-DZ7-1088.jpg
,https://tokyofashion.com/layered-ruffles-tokyo-street-fashion-w-birdcage-veil-belts-kinji-vintage-yosuke/,https://tokyofashion.com/wp-content/uploads/2019/05/NK-2019-04-08-014-003-Harajuku-DZ7-1075-2.jpg
,https://tokyofashion.com/tokyo-style-colorful-bob-hairstyle-bubbles-lace-top-corset-pleated-skirt/,https://tokyofashion.com/wp-content/uploads/2019/05/NK-2019-04-08-008-001-Harajuku-DZ7-0902-2.jpg
,https://tokyofashion.com/tokyo-streetwear-metal-vampire-fangs-myob-pink-house-kobinai/,https://tokyofashion.com/wp-content/uploads/2019/05/NK-2019-04-08-007-001-Harajuku-DZ7-0854.jpg
,https://tokyofashion.com/acid-wash-denim-snakeskin-print-street-styles-tokyo-evris-one-spo-rasvoa/,https://tokyofashion.com/wp-content/uploads/2019/05/NK-2019-04-08-004-002-Harajuku-DZ7-0731-2.jpg
,https://tokyofashion.com/x-girl-japan-suit-street-style-vantan-fashion-school-tokyo/,https://tokyofashion.com/wp-content/uploads/2019/04/Vantan-XGirl-Street-Fashion-Tokyo-20190408DZ70780.jpg
,https://tokyofashion.com/aqua-hair-faux-fur-myob-zara-kimono-dior/,https://tokyofashion.com/wp-content/uploads/2019/05/NK-2019-04-08-001-001-Harajuku-DZ7-0600.jpg
,https://tokyofashion.com/fashion-student-designer-in-blue-hair-black-mask-flat-paisley-print-quilted-dress-platform-sequin-boots/,https://tokyofashion.com/wp-content/uploads/2019/05/NK-2019-04-08-002-001-Harajuku-DZ7-0647-2.jpg
,https://tokyofashion.com/chic-womens-suit-fashion-in-shibuya-w-dark-lipstick-orange-suit-waist-bag-leopard-print-creepers/,https://tokyofashion.com/wp-content/uploads/2019/05/NK-2019-04-08-003-001-Harajuku-DZ7-0697-2.jpg
,https://tokyofashion.com/all-black-street-fashion-w-platinum-blonde-hair-cape-coat-maxi-skirt-w-lace-panel-anna-sui-bag-a-dr-martens-boots/,https://tokyofashion.com/wp-content/uploads/2019/05/NK-2019-04-08-006-001-Harajuku-DZ7-0823.jpg
,https://tokyofashion.com/fashion-student-with-aqua-streaked-hair-black-lipstick-shield-visor-sunglasses-oh-pearl-satin-blazer-rrr-metallic-pants-drawstring-backpack-patent-platforms/,https://tokyofashion.com/wp-content/uploads/2019/05/NK-2019-04-08-009-001-Harajuku-DZ7-0920.jpg
,https://tokyofashion.com/three-fashion-students-in-vivienne-westwood-demonia-bubbles-forever21-spica-bershka/,https://tokyofashion.com/wp-content/uploads/2019/05/NK-2019-04-08-011-001-Harajuku-DZ7-0982-1.jpg
,https://tokyofashion.com/mens-street-fashion-w-ombre-purple-hair-christopher-nemeth-oversized-blazer-comme-des-garcons-t-shirt-gucci-leather-loafers/,https://tokyofashion.com/wp-content/uploads/2019/05/NK-2019-04-08-012-001-Harajuku-DZ7-0999-2.jpg
,https://tokyofashion.com/purple-hair-floral-print-dress-drug-honey-damask-print-skirt-4c-faith-tokyo-dr-martens-boots/,https://tokyofashion.com/wp-content/uploads/2019/05/NK-2019-04-08-016-001-Harajuku-DZ7-1130-2.jpg
,https://tokyofashion.com/birdcage-veil-headpiece-vivienne-westood-john-lawrence-sullivan-me-harajuku-dr-martens-boots/,https://tokyofashion.com/wp-content/uploads/2019/05/NK-2019-04-08-018-001-Harajuku-DZ7-1197-3.jpg
,https://tokyofashion.com/japanese-rapper-in-dapper-street-fashion-w-agnes-b-homme-plaid-blazer-button-fly-pants-zara-sneakers-leather-satchel/,https://tokyofashion.com/wp-content/uploads/2019/05/NK-2019-04-08-019-001-Harajuku-DZ7-1247-3.jpg
,https://tokyofashion.com/hijabi-tokyo-street-style-pink-zara-suit-chanel-sneakers/,https://tokyofashion.com/wp-content/uploads/2019/04/Pink-Suit-Chanel-Sneakers-Shibuya-20190407DZ70561.jpg
,https://tokyofashion.com/tokyo-drag-queen-the-street-shibuya/,https://tokyofashion.com/wp-content/uploads/2019/04/Tokyo-Queen-Style-20190321DZ71459.jpg
,https://tokyofashion.com/vintage-pastel-street-style-in-shibuya-w-long-quilted-coat-knit-sweater-ruffle-dress-velcro-sneakers-sling-bag/,https://tokyofashion.com/wp-content/uploads/2019/02/NK-2019-01-14-004-001-Harajuku-DZ7-7148.jpg
,https://tokyofashion.com/tokyo-menswear-street-style-w-blunt-bob-cropped-blazer-faith-tokyo-hoodie-forever21-flared-pants-zara-shoes/,https://tokyofashion.com/wp-content/uploads/2019/02/NK-2019-01-14-003-001-Harajuku-DZ7-7120.jpg
,https://tokyofashion.com/kyoto-pop-icon-kawaii-japanese-monster-girl-asachill-w-pink-bob-joyrich-sheer-top/,https://tokyofashion.com/wp-content/uploads/2019/02/NK-2019-01-14-001-001-Harajuku-DZ7-6963.jpg
,https://tokyofashion.com/kawaii-japanese-kimono-style-rainbow-hair-furifu-kimono-6dokidoki/,https://tokyofashion.com/wp-content/uploads/2019/02/NK-2019-01-14-005-001-Harajuku-DZ7-6880_1.jpg
,https://tokyofashion.com/shibuya-streetwear-style-w-braided-updo-microwave-ruffle-sleeve-jacket-skirt-over-floral-print-pants-thibaut-fuzzy-heels-lhp-heart-bag/,https://tokyofashion.com/wp-content/uploads/2019/02/NK-2019-01-14-002-001-Harajuku-DZ7-7065_1.jpg
,https://tokyofashion.com/color-coordinated-tokyo-street-style-cute-plush-dr-martens/,https://tokyofashion.com/wp-content/uploads/2018/06/NK-2018-05-06-014-001-Harajuku-D58-4928_1.jpg
,https://tokyofashion.com/shironuri-minori-shibuya-aqua-silver/,https://tokyofashion.com/wp-content/uploads/2017/07/Minori-Shironuri-Shibuya-20170506DSC5844.jpg
,https://tokyofashion.com/avant-garde-japanese-street-style-comme-des-garcons-porter/,https://tokyofashion.com/wp-content/uploads/2017/06/Comme-Des-Garcons-Japanese-Streetwear-20170617DSC4683.jpg
,https://tokyofashion.com/colorful-vintage-japanese-street-styles-w-powerpuff-girls-kinji-harajuku/,https://tokyofashion.com/wp-content/uploads/2017/06/Monaca-Harajuku-Power-Puff-Girls-20170506DSC6104.jpg
,https://tokyofashion.com/comme-des-garcons-yohji-yamamoto-balenciaga-tokyo/,https://tokyofashion.com/wp-content/uploads/2017/05/Yohji-Yamamoto-Comme-Des-Garcons-Shibuya-20170506DSC5974.jpg
,https://tokyofashion.com/shibuya-guy-hat-plaid-shirt-jacket/,https://tokyofashion.com/wp-content/uploads/2016/01/TK-2015-10-16-011-001-Harajuku.jpg
,https://tokyofashion.com/stylish-tokyo-all-black-yohji-yamamoto-moschino/,https://tokyofashion.com/wp-content/uploads/2015/11/TK-2015-10-12-021-001-Harajuku.jpg
,https://tokyofashion.com/shibuya-girls-crop-top-monomania-unif-emoda/,https://tokyofashion.com/wp-content/uploads/2015/11/TK-2015-10-12-022-001-Harajuku.jpg
,https://tokyofashion.com/shibuya-halloween-party-pictures-video-15/,https://tokyofashion.com/wp-content/uploads/2015/11/20151030_DSC_2203.jpg
,https://tokyofashion.com/halloween-eve-japan-costume-pictures/,https://tokyofashion.com/wp-content/uploads/2015/10/Halloween-in-Japan-Shibuya-15-10-30-065.jpg
,https://tokyofashion.com/dark-tokyo-street-style-fetis-demonia/,https://tokyofashion.com/wp-content/uploads/2015/10/Demonia-Fetis-Uniqlo-Shibuya-20151017DSC9857.jpg
,https://tokyofashion.com/rocket-platform-boots-rick-owens-shibuya/,https://tokyofashion.com/wp-content/uploads/2015/10/Barrack-Room-GVGV-Shibuya-20151024DSC0099.jpg
« Show Older Shibuya Photos,https://tokyofashion.com/photos/?location=Shibuya&start=40,No Image
Browse Shibuya Photos By Month,https://tokyofashion.com/photos/?location=Shibuya&month=3&years=2025,No Image
"Korean Street Style in Harajuku, Japan w/ Giant Metal Glove & Thug Club Fashion",https://tokyofashion.com/korean-street-style-harajuku-japan-metal-glove-thug-club-fashion/,No Image
"Japanese Clown-Inspired Street Style in Harajuku w/ Hello Kitty, Shironuri Makeup & Room Shoes",https://tokyofashion.com/japanese-clown-street-style-harajuku-w-hello-kitty-shironuri-makeup-room-shoes/,No Image
"Japanese Gothic Tattoo Artist Wearing Vivienne Westwood on the Street in Harajuku, Tokyo",https://tokyofashion.com/japanese-gothic-tattoo-artist-vivienne-westwood-harajuku-tokyo/,No Image
"Japanese Visual Kei Singer in Harajuku w/ Kawaii Pink, Asakura Garo & Opanchu Usagi",https://tokyofashion.com/japanese-visual-kei-harajuku-asakura-garo-opanchu-usagi/,No Image
"Japanese Dancer w/ Hime Hairstyle in All Black Harajuku Street Style, Not Conventional & Yosuke Boots",https://tokyofashion.com/japanese-dancer-hime-hairstyle-harajuku-street-style-not-conventional-yosuke-boots/,No Image
A Bathing Ape,http://www.virtualjapan.com/wiki/A_Bathing_Ape,No Image
AS KNOW AS,http://www.virtualjapan.com/wiki/AS_KNOW_AS_de_base,No Image
Ato,http://www.virtualjapan.com/wiki/Ato_%28fashion_brand%29,No Image
Billionaire Boys Club,http://www.virtualjapan.com/wiki/Billionaire_Boys_Club,No Image
Chisato Tsumori,http://www.virtualjapan.com/wiki/Chisato_Tsumori,No Image
Comme des Garcons,http://www.virtualjapan.com/wiki/Comme_des_Garcons,No Image
Edwin,http://www.virtualjapan.com/wiki/Edwin,No Image
Frapbois,http://www.virtualjapan.com/wiki/Frapbois,No Image
Hysteric Glamour,http://www.virtualjapan.com/wiki/Hysteric_Glamour,No Image
Limi Feu,http://www.virtualjapan.com/wiki/Limi_Feu,No Image
Mercibeaucoup,http://www.virtualjapan.com/wiki/Mercibeaucoup,No Image
N.Hoolywood,http://www.virtualjapan.com/wiki/N.Hoolywood,No Image
Samantha Thavasa,http://www.virtualjapan.com/wiki/Samantha_Thavasa,No Image
The Viridi-anne,http://www.virtualjapan.com/wiki/The_Viridi-anne,No Image
Home,https://tokyofashion.com/,No Image
Articles,https://tokyofashion.com/articles/,No Image
Street Photos,https://tokyofashion.com/photos/,No Image
Brands,https://tokyofashion.com/brands/,No Image
Forum,https://tokyofashion.com/forum/,No Image
Fashion Map,https://tokyofashion.com/fashion-map/,No Image
Music,https://tokyofashion.com/music/,No Image
Contests,https://tokyofashion.com/contests/,No Image
About,https://tokyofashion.com/contributors/,No Image
Privacy Policy,#,No Image
